A Place In The Sun,WORK_OF_ART
A Town Called Malice,WORK_OF_ART
A$AP Rocky,PERSON
Abbey Clancy,PERSON
Academy Awards,EVENT
Adam Levine,PERSON
Adelaide,GPE
Adele,PERSON
Adidas,ORG
Aftersun,WORK_OF_ART
Ahmed Best,PERSON
Al Pacino,PERSON
Alan Carr,PERSON
Alan Shearer,PERSON
Alastair Campbell,PERSON
Alec Guinness,PERSON
Alesha Dixon,PERSON
Alex Zane,PERSON
Alexa Chung,PERSON
Alexander McQueen,ORG
Alexei Navalny,PERSON
Alicia Keys,PERSON
Alicia Silverstone,PERSON
Alison Hammond,PERSON
All Quiet On The Western Front,WORK_OF_ART
Alyson Kierans,PERSON
Amanda Holden,PERSON
Amazon,ORG
Amber Gill,PERSON
Ambyr Childers,PERSON
AMC,ORG
Amelia Gray Hamlin,PERSON
America's Got Talent,WORK_OF_ART
Amir Khan,PERSON
Amy Adams,PERSON
Amy Winehouse,PERSON
Ana De Armas,PERSON
Andie MacDowell,PERSON
Andrea Riseborough,PERSON
Andrew Garfield,PERSON
Andy Carroll,PERSON
Angela Bassett,PERSON
Angelina Jolie,PERSON
Ann Summers,ORG
Anna Kendrick,PERSON
Anna Osceola,PERSON
Anne Hathaway,PERSON
Anne Hegerty,PERSON
Anneka Rice,PERSON
Annie Kilner,PERSON
Anthony Daniels,PERSON
Antiques Roadshow,WORK_OF_ART
Applause,WORK_OF_ART
Ariana Grande,PERSON
Ariana Richards,PERSON
Ashley Graham,PERSON
Ashley Roberts,PERSON
Austin Butler,PERSON
Australia,GPE
Avatar,WORK_OF_ART
Avril Lavigne,PERSON
Babylon,WORK_OF_ART
Back To Black,WORK_OF_ART
Bad Bunny,PERSON
Bader Shammas,PERSON
Balmain,ORG
Barbara Windsor,PERSON
Barry Keoghan,PERSON
Batman,PERSON
Baz Luhrmann,PERSON
BBC,ORG
Becky Vardy,PERSON
Belfast,GPE
Bella Hadid,PERSON
Ben Affleck,PERSON
Ben Ofoedu,PERSON
Ben Savage,PERSON
Berlin,GPE
Beverly Hills,GPE
Beyoncé Knowles,PERSON
Beyonce,PERSON
Beyoncé,PERSON
Billi Mucklow,PERSON
Billie Eilish,PERSON
Billie Piper,PERSON
Billy Dee Williams,PERSON
Birmingham,GPE
Blac Chyna,PERSON
Black Adam,WORK_OF_ART
Black Panther,WORK_OF_ART
Blake Lively,PERSON
Blake Shelton,PERSON
Boris Johnson,PERSON
Brad Pitt,PERSON
Bradley Cooper,PERSON
Break Free,WORK_OF_ART
Brendan Fraser,PERSON
Brian Dowling,PERSON
Bridget Moynahan,PERSON
Brie Larson,PERSON
Brisbane,GPE
Britain's Got Talent,WORK_OF_ART
British,NORP
Britney Spears,PERSON
Brittany Cartwright,PERSON
Brokeback Mountain,WORK_OF_ART
Brooke Shields,PERSON
Bruce Willis,PERSON
Bruno Mars,PERSON
Burberry,ORG
Cameron Diaz,PERSON
Cardi B,PERSON
Carl Woods,PERSON
Carol Vorderman,PERSON
Carolina Santos,PERSON
Caroline Flack,PERSON
Caroline Manzon,PERSON
Carpool Karaoke,WORK_OF_ART
Carrie Fisher,PERSON
Casa Amor,FAC
Casey Affleck,PERSON
Cat Deeley,PERSON
Cate Blanchett,PERSON
Catherine Walker,ORG
Catherine Zeta-Jones,PERSON
Celine Dion,PERSON
Challenge Anneka,WORK_OF_ART
Chanel,ORG
Char Michael Murray,PERSON
Charity Lawson,PERSON
Charlbi Dean,PERSON
Charli XCX,PERSON
Charlize Theron,PERSON
Cheltenham Festival,EVENT
Chloe Bailey,PERSON
Chloe Madeley,PERSON
Chris Brown,PERSON
Chris Evans,PERSON
Chris Hemsworth,PERSON
Chris Pratt,PERSON
Chris Rock,PERSON
Chrisley Knows Best,WORK_OF_ART
Chrissy Teigen,PERSON
Christian Bale,PERSON
Christian,NORP
Christina Aguilera,PERSON
Christina Hendricks,PERSON
Christina Ricci,PERSON
Christine McGuinness,PERSON
Ciara,PERSON
Cindy Crawford,PERSON
Circular Quay,FAC
Claudia Fogarty,PERSON
Cocaine Bear,WORK_OF_ART
Coleen Nolan,PERSON
Coleen Rooney,PERSON
Colin Farrell,PERSON
Comic Relief,ORG
Commonwealth Day,EVENT
Commonwealth Games,EVENT
Connor Calland,PERSON
Conor McGregor,PERSON
Cora Bora,WORK_OF_ART
Coronation Street,WORK_OF_ART
Creed III,WORK_OF_ART
Crosby Hotel,FAC
Cyndi Lauper,PERSON
Daisy Ridley,PERSON
Daley Thompson,PERSON
Dallas,GPE
Dame Judi Dench,PERSON
Dame Maggie Smith,PERSON
Dame Shirley Bassey,PERSON
Dame Zandra Rhodes,PERSON
Damon Albarn,PERSON
Dan Reynolds,PERSON
Dancing On Ice,WORK_OF_ART
Dancing With The Stars,WORK_OF_ART
Dani Dyer,PERSON
Danni Menzies,PERSON
Darren Le Gallo,PERSON
David Beckham,PERSON
David Furnish,PERSON
David Gray,PERSON
David Haye,PERSON
David Hockney,PERSON
David Schwimmer,PERSON
David Walliams,PERSON
Dean Cain,PERSON
Demi Lovato,PERSON
Demi Moore,PERSON
Demi Rose,PERSON
Demi Sims,PERSON
Denise Welch,PERSON
Dennis Quaid,PERSON
Denver,GPE
Denzel Washington,PERSON
Derek Draper,PERSON
Diane Kruger,PERSON
Diane Warren,PERSON
Dior,ORG
Diplo,PERSON
Disney,ORG
Disneyland,FAC
Dolby Theatre,FAC
Dolly Parton,PERSON
Donald Glover,PERSON
Donatella Versace,PERSON
Drew Barrymore,PERSON
Dua Lipa,PERSON
Dubai,GPE
Dublin,GPE
Dunkin' Donuts,ORG
Dustin Lance Black,PERSON
Dwayne Johnson,PERSON
Eamonn Holmes,PERSON
East London,GPE
EastEnders,WORK_OF_ART
Ed Sheeran,PERSON
Eddie Marsan,PERSON
Eddie Redmayne,PERSON
Edinburgh,GPE
Ekin-Su Culculoglu,PERSON
Elizabeth Banks,PERSON
Elizabeth Olsen,PERSON
Ellen DeGeneres,PERSON
Ellie Goulding,PERSON
Ellie Spence,PERSON
Ellie Warner,PERSON
Elon Musk,PERSON
Elton John,PERSON
Elvis Presley,PERSON
Elvis,WORK_OF_ART
Emily Blunt,PERSON
Emily Ratajkowski,PERSON
Eminem,PERSON
Emma Heming,PERSON
Emma Stone,PERSON
Emma Watson,PERSON
Emma Willis,PERSON
Emmerdale,WORK_OF_ART
Endeavour,WORK_OF_ART
Erderm,ORG
Eric Andre,PERSON
Erica Pelosini,PERSON
Euphoria,WORK_OF_ART
Eva Longoria,PERSON
Everything Everywhere All at Once,WORK_OF_ART
Everything Everywhere All At Once,WORK_OF_ART
Ewan McGregor,PERSON
Facebook,ORG
Fantasy Suite,FAC
Fashion Trust Awards,EVENT
Fendi,ORG
Fergie,PERSON
Ferne McCann,PERSON
Florence Pugh,PERSON
Florida, GPE
Forbes,ORG
Four Weddings And A Funeral,WORK_OF_ART
Fox News,ORG
Frank Oz,PERSON
Fred Sireix,PERSON
Freddie Prinze Jr.,PERSON
French,NORP
Gabrielle Union,PERSON
Gamemaster,WORK_OF_ART
Gareth Gates,PERSON
Gary Glitter,PERSON
Gary Lineker,PERSON
Gary Lucy,PERSON
Gemma Collins,PERSON
Gene Simmons,PERSON
George Clooney,PERSON
George Ezra,PERSON
Georgia Harrison,PERSON
Gerard Pique,PERSON
Geri Horner,PERSON
Gigi Hadid,PERSON
Gino D'Acampo,PERSON
Gisele Bündchen,PERSON
Givenchy,ORG
Glasgow,GPE
Gogglebox,WORK_OF_ART
Good Morning America,WORK_OF_ART
Goop,ORG
Graceland,FAC
GRAMMY Museum,FAC
Grease,WORK_OF_ART
Gucci,ORG
Guest In Residence,ORG
Guillermo del Toro,PERSON
Guy Ritchie,PERSON
Gwen Stefani,PERSON
Gwyneth Paltrow,PERSON
Gymshark,ORG
H&M,ORG
Hailee Steinfeld,PERSON
Halle Bailey,PERSON
Halle Berry,PERSON
Happy Valley,WORK_OF_ART
Harrison Ford,PERSON
Harry Styles,PERSON
Hayden Christensen,PERSON
Heath Ledger,PERSON
Heather Mills,PERSON
Heather Morris,PERSON
Heathrow Airport,FAC
Heidi Klum,PERSON
Helen Mirren,PERSON
Hilary Swank,PERSON
Hold My Hand,WORK_OF_ART
Holly Willoughby,PERSON
Hollyoaks,WORK_OF_ART
Hollywood,GPE
Hotel Ziggy,FAC
Houston,GPE
Hugh Grant,PERSON
Hugh Jackman,PERSON
Hughie Green,PERSON
Hugo Boss,ORG
Ian McDiarmid,PERSON
Ian Wright,PERSON
Idris Elba,PERSON
iHeart Radio Music Awards,EVENT
Imogen Thomas,PERSON
Indiana Jones,PERSON
Irish,NORP
Italian,NORP
ITV,ORG
J. Cole,PERSON
J.J. Abrams,PERSON
J.K. Rowling,PERSON
J.Lo,PERSON
Jack Nicholson,PERSON
Jack Vidgen,PERSON
Jack Whitehall,PERSON
Jackie Chan,PERSON
Jacqueline Bisset,PERSON
Jacques O'Neill,PERSON
Jaden Smith,PERSON
Jaguar,ORG
Jake Gyllenhaal,PERSON
James Acaster,PERSON
James Franco,PERSON
James Haskell,PERSON
James Kennedy,PERSON
James McAvoy,PERSON
James Nesbitt,PERSON
Jamie Foxx,PERSON
Jamie Lee Curtis,PERSON
Jane the Virgin,WORK_OF_ART
Janelle Monae,PERSON
Janet Jackson,PERSON
Jason Statham,PERSON
Jax Taylor,PERSON
Jay-Z,PERSON
Jennifer Aniston,PERSON
Jennifer Beals,PERSON
Jennifer Carpenter,PERSON
Jennifer Connelly,PERSON
Jennifer Coolidge,PERSON
Jennifer Garner,PERSON
Jennifer Hudson,PERSON
Jennifer Lawrence,PERSON
Jennifer Lopez,PERSON
Jeremy Clarkson,PERSON
Jeremy Renner,PERSON
Jersey Shore,WORK_OF_ART
Jessica Chastain,PERSON
Jessica Simpson,PERSON
Jessie J,PERSON
Jim Carrey,PERSON
Jimmie Allen,PERSON
Jimmy Carr,PERSON
Jimmy Iovine,PERSON
Jimmy Kimmel,PERSON
Joan Collins,PERSON
Jodie Comer,PERSON
Jodie Foster,PERSON
Jodie Turner-Smith,PERSON
Jodie Whittaker,PERSON
Joe Mangianello,PERSON
Joe Mazzello,PERSON
Joe McElderry,PERSON
Joey Essex,PERSON
John Legend,PERSON
John Travolta,PERSON
John Wick,WORK_OF_ART
Johnny Depp,PERSON
Jon Hamm,PERSON
Jonah Hill,PERSON
Jonathan Majors,PERSON
Jonnie Irwin,PERSON
Joseph Gordon-Levitt,PERSON
Joshua Jackson,PERSON
Jude Law,PERSON
Judi Love,PERSON
Julia Fox,PERSON
Julia Garner,PERSON
Julia Häxän,PERSON
Julia Louis-Dreyfus,PERSON
Julia Roberts,PERSON
Julianne Moore,PERSON
Julie Andrews,PERSON
Juno awards,EVENT
Jurassic Park,WORK_OF_ART
Justin Bieber,PERSON
Justin Long,PERSON
Justin Roiland,PERSON
Justin Timberlake,PERSON
Kaia Gerber,PERSON
Kaley Cuoco,PERSON
Kanye West,PERSON
Kat Graham,PERSON
Kat Von D,PERSON
Kate Beckinsale,PERSON
Kate Bosworth,PERSON
Kate Ferdinand,PERSON
Kate Garraway,PERSON
Kate Hudson,PERSON
Kate Middleton,PERSON
Kate Moss,PERSON
Katherine Heigl,PERSON
Katie Holmes,PERSON
Katie Hopkins,PERSON
Katie Price,PERSON
Katy Perry,PERSON
Ke Huy Quan,PERSON
Keanan Brand,PERSON
Keanu Reeves,PERSON
Keira Knightley,PERSON
Keith Urban,PERSON
Kelis,PERSON
Kelly Clarkson,PERSON
Kelly Osbourne,PERSON
Kelly Ripa,PERSON
Kendall Jenner,PERSON
Kendrick Lamar,PERSON
Kerry Katona,PERSON
Kerry Washington,PERSON
Kevin Bacon,PERSON
Kevin Spacey,PERSON
Khloe Kardashian,PERSON
Kiefer Sutherland,PERSON
Kiernan Shipka,PERSON
Kim Basinger,PERSON
Kim Kardashian,PERSON
King Charles,PERSON
King Richard,WORK_OF_ART
Kirsten Dunst,PERSON
Kirstie Alley,PERSON
Kirsty Gallacher,WORK_OF_ART
Kourtney Kardashian,PERSON
Kris Jenner,PERSON
Kristen Doute,PERSON
Kristen Stewart,PERSON
Kristin Cavallari,PERSON
Kristin Scott Thomas,PERSON
Kyle Richards,PERSON
Kyle Walker,PERSON
Kylie Jenner,PERSON
Kylie Minogue,PERSON
Kym Marsh,PERSON
Lady Amelia Spencer,PERSON
Lady Amelia Windsor,PERSON
Lady Gaga,PERSON
Lake Tahoe,LOC
Lala Kent,PERSON
Las Vegas,GPE
Laura Anderson,PERSON
Laura Whitmore,PERSON
Lauren Goodger,PERSON
Laverne Cox,PERSON
Leeds,GPE
Lennon Gallagher,PERSON
Lenny Kravitz,PERSON
Leonardo DiCaprio,PERSON
Lesley Paterson,PERSON
Lewis Capaldi,PERSON
Lewis Hamilton,PERSON
Liam Gallagher,PERSON
Liam Neeson,PERSON
Liam Payne,PERSON
Life on Earth,WORK_OF_ART
Lift Me Up,WORK_OF_ART
Lil Nas X,PERSON
Lilly Singh,PERSON
Lily Collins,PERSON
Lily James,PERSON
Lily-Rose Depp,PERSON
Lincoln Townley,PERSON
Lindsay Lohan,PERSON
Lisa Eldridge,PERSON
Lisa Rinna,PERSON
Lisa Snowdon,PERSON
Liverpool,GPE
Lizzie Cundy,PERSON
Lizzo,PERSON
London,GPE
Loose Women,WORK_OF_ART
Lorde,PERSON
Lorraine Kelly,PERSON
Los Angeles,GPE
Lottie Moss,PERSON
Lottie Tomlinson,PERSON
Louis Tomlinson,PERSON
Love Island,WORK_OF_ART
Lucy Liu,PERSON
Lukas Gage,PERSON
Lupita Nyong'o,PERSON
Lydia Bright,PERSON
Made in Chelsea,WORK_OF_ART
Madonna,PERSON
Maggie Gyllenhaal,PERSON
Maggie Smith,PERSON
Malala Yousafzai,PERSON
Maldives,GPE
Mallorca,GPE
Manchester City, ORG
Manchester United,ORG
Mandy Moore,PERSON
Maren Morris,PERSON
Margot Robbie,PERSON
Mariah Carey,PERSON
Marilyn Manson,PERSON
Marilyn Monroe,PERSON
Marisa Abela,PERSON
Mark Ballas,PERSON
Mark Consuelos,PERSON
Mark Foster, PERSON
Mark Hamill,PERSON
Mark Wahlberg,PERSON
Mark Wright,PERSON
Married at First Sight,WORK_OF_ART
Married At First Sight,WORK_OF_ART
Martin Scorsese,PERSON
Match of the Day,WORK_OF_ART
Matt Damon,PERSON
Matt Hancock,PERSON
Matt Smith,PERSON
Matthew McConaughey,PERSON
Max Boyens,PERSON
Maya Jama,PERSON
Meagan Good,PERSON
Mean Girls,WORK_OF_ART
Megan Stalter,PERSON
Megan Thee Stallion,PERSON
Meghan Markle,PERSON
Meghan Trainor,PERSON
Melbourne,GPE
Melissa McCarthy,PERSON
Meryl Streep,PERSON
Met Police, ORG
Mexico,GPE
Miami,GPE
Michael B. Jordan,PERSON
Michael Brunelli,PERSON
Michael Caine,PERSON
Michael Fassbender,PERSON
Michael Hutchence,PERSON
Michael J. Fox,PERSON
Michael Keaton,PERSON
Michael Rapaport,PERSON
Michelle Keegan,PERSON
Michelle Williams,PERSON
Michelle Yeoh,PERSON
Mick Jagger,PERSON
Mila Kunis,PERSON
Miley Cyrus,PERSON
Millie Bobby Brown,PERSON
Millie Mackintosh,PERSON
Mindy Kaling,PERSON
Minka Kelly,PERSON
Molly-Mae Hague,PERSON
Monica Barbaro,PERSON
Morgan Freeman,PERSON
Mount Everest,LOC
Myke Wright,PERSON
Myleene Klass,PERSON
Nadia Sawalha,PERSON
Naomi Campbell,PERSON
Naomi Watts,PERSON
Natalie Cassidy,PERSON
Natalie Imbruglia,PERSON
Natalie Pinkham,PERSON
Natalie Portman,PERSON
Natalie Wood,PERSON
Natasha Hamilton,PERSON
Natasha Kaplinsky,PERSON
Natasha Lyonne,PERSON
Natasha Richardson,PERSON
Netflix,ORG
Nettie Wakefield,PERSON
New York,GPE
Niall Horan,PERSON
Nicholas Braun,PERSON
Nick Jonas,PERSON
Nick Nolte,PERSON
Nicki Minaj,PERSON
Nicole Kidman,PERSON
Nicole Richie,PERSON
Nicole Scherzinger,PERSON
Nile Wilson,PERSON
Noah Cyrus,PERSON
Noel Gallagher,PERSON
NYC,GPE
O2 Arena,FAC
Olivia Culpo,PERSON
Olivia Munn,PERSON
Olivia Newton-John,PERSON
Olivia Smart,PERSON
Olivia Wilde,PERSON
One Direction,WORK_OF_ART
OnlyFans,ORG
Oprah Winfrey,PERSON
Oscar Isaac,PERSON
Oscars,EVENT
Owen McGinnity,PERSON
P!nk,PERSON
Paddy McGuinness,PERSON
Paloma Faith,PERSON
Paris Hilton,PERSON
Paris Jackson,PERSON
Paris Saint Germain,ORG
Part Of Your World,WORK_OF_ART
Patsy Kensit,PERSON
Paul McCartney,PERSON
Paul Mescal,PERSON
Paula Yates,PERSON
Pedro Pascal,PERSON
Penelope Cruz,PERSON
Percy Gibson,PERSON
Peter Crouch,PERSON
Peter Mayhew,PERSON
Phillip Schofield,PERSON
Phoebe Tonkin,PERSON
Photoshop,PRODUCT
Pierce Brosnan,PERSON
Pinocchio,WORK_OF_ART
Pitbull,PERSON
Pixie Geldof,PERSON
Planned Parenthood,ORG
Playboy,ORG
Pop Idol,WORK_OF_ART
Portland,GPE
Prince Andrew,PERSON
Prince Edward,PERSON
Prince Harry,PERSON
Prince William,PERSON
Princess Diana,PERSON
Princess Leonor,PERSON
Priscilla Presley,PERSON
Priyanka Chopra,PERSON
Quentin Tarantino,PERSON
Rainn Wilson,PERSON
Ralph Lauren, ORG
Rami Malek,PERSON
Ramona Agruma,PERSON
Raquel Leviss,PERSON
Razzie Awards,EVENT
Rebekah Vardy,PERSON
Rebel Wilson,PERSON
Red Nose Day,EVENT
Reese Witherspoon,PERSON
Renfield,WORK_OF_ART
Rick Allen,PERSON
Rick and Morty,WORK_OF_ART
Rihanna,PERSON
Riley Keough,PERSON
Rita Ora,PERSON
Rob Lowe,PERSON
Robbie Williams,PERSON
Robert De Niro,PERSON
Robert Downey Jr.,PERSON
Robert Pattinson,PERSON
Robin Williams,PERSON
Rockey Man,WORK_OF_ART
Rod Stewart,PERSON
Ronan Keating,PERSON
Ronnie Wood,PERSON
Rooney Mara,PERSON
Rose Bertram,PERSON
Rosie Huntington-Whitely,PERSON
Roxy Horner,PERSON
Russian, NORP
Ruth Carter,PERSON
Ryan Gosling,PERSON
Ryan Reynolds,PERSON
Rylan Clark,PERSON
Sadie Frost,PERSON
Salma Hayek,PERSON
Sam Fox,PERSON
Sam McAllister,PERSON
Sam Thompson,PERSON
Samantha Cameron,PERSON
Samantha Fox,PERSON
Samantha Morton,PERSON
San Diego,GPE
San Francisco,GPE
San Jose,GPE
Sandra Bullock,PERSON
Sandra Martin,PERSON
Sandra Oh,PERSON
Santa Barbara,GPE
Sarah Lancashire,PERSON
Sarah Michelle Gellar,PERSON
Sarah Snook,PERSON
Savannah Chrisley,PERSON
Scarlett Johansson,PERSON
Scheana Shay,PERSON
Scoop,WORK_OF_ART
Scotland Yard,FAC
Scott Mitchell,PERSON
Scott's,FAC
Scottish, NORP
Scream VI,WORK_OF_ART
Sean Penn,PERSON
Seattle,GPE
Selena Gomez,PERSON
Shailene Woodley,PERSON
Shakira,PERSON
Shanina Shaik,PERSON
Sharon Stone,PERSON
Shawn Mendes,PERSON
Shazam! Fury Of The Gods,WORK_OF_ART
Sheffield,GPE
Sherri Shepherd,PERSON
Shia LaBeouf,PERSON
Sienna Miller,PERSON
Simon Cowell,PERSON
Sinitta,PERSON
Sir Bob Geldof,PERSON
Snoop Dogg,PERSON
Sofia Carson,PERSON
Sofia Vergara,PERSON
Solar Power World Tour,EVENT
Sophie Turner,PERSON
South Africa,GPE
Spanish,NORP
Spike Lee,PERSON
Stacey Solomon,PERSON
Stanley Tucci,PERSON
Stassi Schroeder,PERSON
Steve Carell,PERSON
Steve Martin,PERSON
Succession,WORK_OF_ART
Susanna Reid,PERSON
SXSW,EVENT
Sydney Sweeney,PERSON
Sylvester Stallone,PERSON
SZA,PERSON
T-Mobile,ORG
Taika Waititi,PERSON
Taliban,NORP
Tallia Storm,PERSON
Tamara Ecclestone,PERSON
Tammy Slaton,PERSON
Tana Holding,PERSON
Taron Egerton,PERSON
Tasmania,GPE
Taylor Hawkins,PERSON
Taylor Swift,PERSON
Templte of Doom,WORK_OF_ART
Tennessee,GPE
Terence Trent D'Arby,PERSON
Tessa Thompson,PERSON
Thailand,GPE
The Apprentice,WORK_OF_ART
The Bachelor,WORK_OF_ART
The Chase,WORK_OF_ART
The Crown,WORK_OF_ART
The Deep,WORK_OF_ART
The Gentlemen,WORK_OF_ART
The Last Of Us,WORK_OF_ART
The Little Mermaid,WORK_OF_ART
The Mandalorian,WORK_OF_ART
The Masked Dancer,WORK_OF_ART
The Masked Singer,WORK_OF_ART
The Maybourne,FAC
The Movie Critic,WORK_OF_ART
The Office,WORK_OF_ART
The Penguin,WORK_OF_ART
The Simpsons,WORK_OF_ART
The Tonight Show,WORK_OF_ART
The Traitors,WORK_OF_ART
The Vampire Diaries,WORK_OF_ART
The View,WORK_OF_ART
The Voice,WORK_OF_ART
The Walking Dead,WORK_OF_ART
The Weeknd,PERSON
The Whale,WORK_OF_ART
The White Lotus,WORK_OF_ART
The X Factor,WORK_OF_ART
The X-Files,WORK_OF_ART
Theo James,PERSON
This Is Us,WORK_OF_ART
This Morning,WORK_OF_ART
TikTok,ORG
Tilda Swinton,PERSON
Tim Davie,PERSON
Tina Turner,PERSON
Titanic,WORK_OF_ART
Tom Brady,PERSON
Tom Cruise,PERSON
Tom Daley,PERSON
Tom Hanks,PERSON
Tom Hardy,PERSON
Tom Hiddleston,PERSON
Tom Holland,PERSON
Tom Sandoval,PERSON
Tom Schwartz,PERSON
Tommy Hilfiger, ORG
Tommy Lee Jones,PERSON
Toni Collette,PERSON
Top Gun,WORK_OF_ART
Top Gun: Maverick,WORK_OF_ART
Tracee Eliis Ross,PERSON
Travis Barker,PERSON
Triangle of Sadness,WORK_OF_ART
Troye Sivam,PERSON
Tulisa,PERSON
Tupac Shakur,PERSON
Twitter,ORG
Tyler Cameron,PERSON
Ulrika Jonsson,PERSON
Uma Thurman,PERSON
Una Healy,PERSON
Usher,PERSON
Valentino,ORG
Vanderpump Rules,WORK_OF_ART
Vanessa Bauer,PERSON
Vanessa Feltz,PERSON
Vanity Fair,ORG
Vera Wang, ORG
Victoria Beckham,PERSON
Vince Vaughn,PERSON
Vivienne Westwood,PERSON
Vogue Italia,ORG
Washington D.C.,GPE
Welsh,NORP
Wendy Williams,PERSON
West Hollywood,GPE
Will Ferrell,PERSON
Will Smith,PERSON
Will Young,PERSON
Wind in the Willows,WORK_OF_ART
Winnie Harlow,PERSON
Wiz Khalifa,PERSON
Wolf Pack,WORK_OF_ART
Wonder Woman,WORK_OF_ART
Yan Yan Chan,PERSON
Yitty, ORG
YouTube,ORG
Zach Braff,PERSON
Zach Shallcross,PERSON
Zachary Levi,PERSON
Zara McDermmott,PERSON
Zara Tindall,PERSON
Zayn Malik,PERSON
Zendaya,PERSON
Zoë Kravitz,PERSON
Zoe Saldana,PERSON
Zooey Deschanel,PERSON
